{
"meta":{"test_sets":[],"test_metrics":[],"learn_metrics":[{"best_value":"Min","name":"RMSE"}],"launch_mode":"Train","parameters":"","iteration_count":100,"learn_sets":["learn"],"name":"experiment"},
"iterations":[
{"learn":[14.005006],"iteration":0,"passed_time":0.0002184166667,"remaining_time":0.02162325},
{"learn":[13.14441192],"iteration":1,"passed_time":0.0004197916667,"remaining_time":0.02056979167},
{"learn":[12.34258257],"iteration":2,"passed_time":0.0006124166667,"remaining_time":0.01980147222},
{"learn":[11.64527793],"iteration":3,"passed_time":0.0007572083333,"remaining_time":0.018173},
{"learn":[11.02766183],"iteration":4,"passed_time":0.0009487916667,"remaining_time":0.01802704167},
{"learn":[10.43485794],"iteration":5,"passed_time":0.001154708333,"remaining_time":0.01809043056},
{"learn":[9.890641275],"iteration":6,"passed_time":0.001361625,"remaining_time":0.01809016071},
{"learn":[9.492161212],"iteration":7,"passed_time":0.001576458333,"remaining_time":0.01812927083},
{"learn":[9.105082953],"iteration":8,"passed_time":0.001806458333,"remaining_time":0.01826530093},
{"learn":[8.674157135],"iteration":9,"passed_time":0.002051333333,"remaining_time":0.018462},
{"learn":[8.341743544],"iteration":10,"passed_time":0.002265375,"remaining_time":0.01832894318},
{"learn":[8.049372916],"iteration":11,"passed_time":0.002479958333,"remaining_time":0.01818636111},
{"learn":[7.757318612],"iteration":12,"passed_time":0.002664708333,"remaining_time":0.01783304808},
{"learn":[7.522206899],"iteration":13,"passed_time":0.002868166667,"remaining_time":0.0176187381},
{"learn":[7.297756655],"iteration":14,"passed_time":0.003062875,"remaining_time":0.01735629167},
{"learn":[7.088359431],"iteration":15,"passed_time":0.003294208333,"remaining_time":0.01729459375},
{"learn":[6.882113791],"iteration":16,"passed_time":0.003494125,"remaining_time":0.01705955147},
{"learn":[6.704728832],"iteration":17,"passed_time":0.003687291667,"remaining_time":0.01679766204},
{"learn":[6.563881962],"iteration":18,"passed_time":0.003884416667,"remaining_time":0.01655988158},
{"learn":[6.418790279],"iteration":19,"passed_time":0.004083208333,"remaining_time":0.01633283333},
{"learn":[6.315756953],"iteration":20,"passed_time":0.004360041667,"remaining_time":0.01640206151},
{"learn":[6.210157751],"iteration":21,"passed_time":0.004554541667,"remaining_time":0.01614792045},
{"learn":[6.115058449],"iteration":22,"passed_time":0.004745333333,"remaining_time":0.01588655072},
{"learn":[6.014819884],"iteration":23,"passed_time":0.004934291667,"remaining_time":0.01562525694},
{"learn":[5.93117229],"iteration":24,"passed_time":0.005139083333,"remaining_time":0.01541725},
{"learn":[5.844857622],"iteration":25,"passed_time":0.005337875,"remaining_time":0.01519241346},
{"learn":[5.771145213],"iteration":26,"passed_time":0.005564208333,"remaining_time":0.01504397068},
{"learn":[5.704018229],"iteration":27,"passed_time":0.00582625,"remaining_time":0.01498178571},
{"learn":[5.665806474],"iteration":28,"passed_time":0.006024875,"remaining_time":0.01475055603},
{"learn":[5.616500369],"iteration":29,"passed_time":0.006240333333,"remaining_time":0.01456077778},
{"learn":[5.558023666],"iteration":30,"passed_time":0.006440833333,"remaining_time":0.01433604839},
{"learn":[5.510080976],"iteration":31,"passed_time":0.006643,"remaining_time":0.014116375},
{"learn":[5.468747792],"iteration":32,"passed_time":0.006838083333,"remaining_time":0.01388338131},
{"learn":[5.429275534],"iteration":33,"passed_time":0.007031083333,"remaining_time":0.01364857353},
{"learn":[5.402117324],"iteration":34,"passed_time":0.007221333333,"remaining_time":0.01341104762},
{"learn":[5.367635151],"iteration":35,"passed_time":0.007406541667,"remaining_time":0.01316718519},
{"learn":[5.345181232],"iteration":36,"passed_time":0.007636375,"remaining_time":0.01300247635},
{"learn":[5.319151269],"iteration":37,"passed_time":0.007833833333,"remaining_time":0.01278151754},
{"learn":[5.296134146],"iteration":38,"passed_time":0.00802,"remaining_time":0.01254410256},
{"learn":[5.269629003],"iteration":39,"passed_time":0.008213125,"remaining_time":0.0123196875},
{"learn":[5.251147059],"iteration":40,"passed_time":0.00840575,"remaining_time":0.01209607927},
{"learn":[5.248003302],"iteration":41,"passed_time":0.008461875,"remaining_time":0.01168544643},
{"learn":[5.232376509],"iteration":42,"passed_time":0.008654708333,"remaining_time":0.01147252035},
{"learn":[5.213524255],"iteration":43,"passed_time":0.008848541667,"remaining_time":0.0112617803},
{"learn":[5.189691584],"iteration":44,"passed_time":0.00905925,"remaining_time":0.01107241667},
{"learn":[5.166052198],"iteration":45,"passed_time":0.009254375,"remaining_time":0.01086383152},
{"learn":[5.140406659],"iteration":46,"passed_time":0.00945075,"remaining_time":0.01065722872},
{"learn":[5.118929684],"iteration":47,"passed_time":0.009637416667,"remaining_time":0.01044053472},
{"learn":[5.108792602],"iteration":48,"passed_time":0.009832833333,"remaining_time":0.01023417347},
{"learn":[5.098141225],"iteration":49,"passed_time":0.01001583333,"remaining_time":0.01001583333},
{"learn":[5.085926393],"iteration":50,"passed_time":0.01021145833,"remaining_time":0.009811008987},
{"learn":[5.067816804],"iteration":51,"passed_time":0.010413,"remaining_time":0.009612},
{"learn":[5.049834901],"iteration":52,"passed_time":0.01059316667,"remaining_time":0.009393940252},
{"learn":[5.03838627],"iteration":53,"passed_time":0.01078979167,"remaining_time":0.009191304012},
{"learn":[5.033534248],"iteration":54,"passed_time":0.010891125,"remaining_time":0.008910920455},
{"learn":[5.023726885],"iteration":55,"passed_time":0.011095125,"remaining_time":0.008717598214},
{"learn":[5.01290392],"iteration":56,"passed_time":0.01128225,"remaining_time":0.008511171053},
{"learn":[5.005569127],"iteration":57,"passed_time":0.01146875,"remaining_time":0.008304956897},
{"learn":[4.989969032],"iteration":58,"passed_time":0.01166375,"remaining_time":0.008105317797},
{"learn":[4.976762446],"iteration":59,"passed_time":0.01185445833,"remaining_time":0.007902972222},
{"learn":[4.967222715],"iteration":60,"passed_time":0.01205254167,"remaining_time":0.007705723361},
{"learn":[4.954407599],"iteration":61,"passed_time":0.01224829167,"remaining_time":0.007507017473},
{"learn":[4.942125056],"iteration":62,"passed_time":0.01245925,"remaining_time":0.007317337302},
{"learn":[4.930230716],"iteration":63,"passed_time":0.01265879167,"remaining_time":0.007120570313},
{"learn":[4.921695642],"iteration":64,"passed_time":0.01285179167,"remaining_time":0.006920195513},
{"learn":[4.906405625],"iteration":65,"passed_time":0.01305108333,"remaining_time":0.006723285354},
{"learn":[4.894330248],"iteration":66,"passed_time":0.01323591667,"remaining_time":0.006519182836},
{"learn":[4.88211557],"iteration":67,"passed_time":0.013418125,"remaining_time":0.006314411765},
{"learn":[4.877946398],"iteration":68,"passed_time":0.01360729167,"remaining_time":0.006113420894},
{"learn":[4.863182126],"iteration":69,"passed_time":0.01380608333,"remaining_time":0.005916892857},
{"learn":[4.84646533],"iteration":70,"passed_time":0.013998375,"remaining_time":0.005717646127},
{"learn":[4.838014752],"iteration":71,"passed_time":0.0142795,"remaining_time":0.005553138889},
{"learn":[4.82981137],"iteration":72,"passed_time":0.014492125,"remaining_time":0.005360101027},
{"learn":[4.817094767],"iteration":73,"passed_time":0.0146995,"remaining_time":0.005164689189},
{"learn":[4.808314151],"iteration":74,"passed_time":0.014892,"remaining_time":0.004964},
{"learn":[4.796235023],"iteration":75,"passed_time":0.01508654167,"remaining_time":0.004764171053},
{"learn":[4.784434534],"iteration":76,"passed_time":0.01528858333,"remaining_time":0.004566719697},
{"learn":[4.774402487],"iteration":77,"passed_time":0.015482375,"remaining_time":0.004366823718},
{"learn":[4.76731896],"iteration":78,"passed_time":0.01568020833,"remaining_time":0.004168156646},
{"learn":[4.75934113],"iteration":79,"passed_time":0.015918375,"remaining_time":0.00397959375},
{"learn":[4.754106378],"iteration":80,"passed_time":0.016114,"remaining_time":0.00377982716},
{"learn":[4.744002932],"iteration":81,"passed_time":0.01630104167,"remaining_time":0.003578277439},
{"learn":[4.731700554],"iteration":82,"passed_time":0.01649741667,"remaining_time":0.003378988956},
{"learn":[4.723284153],"iteration":83,"passed_time":0.01668670833,"remaining_time":0.003178420635},
{"learn":[4.712232782],"iteration":84,"passed_time":0.01687445833,"remaining_time":0.002977845588},
{"learn":[4.703046867],"iteration":85,"passed_time":0.01705675,"remaining_time":0.002776680233},
{"learn":[4.698601855],"iteration":86,"passed_time":0.01724095833,"remaining_time":0.002576235153},
{"learn":[4.692429407],"iteration":87,"passed_time":0.017457,"remaining_time":0.0023805},
{"learn":[4.675027364],"iteration":88,"passed_time":0.01764670833,"remaining_time":0.002181053839},
{"learn":[4.662368584],"iteration":89,"passed_time":0.017836,"remaining_time":0.001981777778},
{"learn":[4.646206172],"iteration":90,"passed_time":0.01805366667,"remaining_time":0.001785527473},
{"learn":[4.641245848],"iteration":91,"passed_time":0.01824095833,"remaining_time":0.00158617029},
{"learn":[4.633900435],"iteration":92,"passed_time":0.01843941667,"remaining_time":0.001387913082},
{"learn":[4.624738236],"iteration":93,"passed_time":0.01862516667,"remaining_time":0.001188840426},
{"learn":[4.612798287],"iteration":94,"passed_time":0.01881825,"remaining_time":0.0009904342105},
{"learn":[4.605222001],"iteration":95,"passed_time":0.01900820833,"remaining_time":0.0007920086806},
{"learn":[4.601725912],"iteration":96,"passed_time":0.01923866667,"remaining_time":0.0005950103093},
{"learn":[4.59722371],"iteration":97,"passed_time":0.01945145833,"remaining_time":0.0003969685374},
{"learn":[4.580235665],"iteration":98,"passed_time":0.01964766667,"remaining_time":0.0001984612795},
{"learn":[4.57591791],"iteration":99,"passed_time":0.01987175,"remaining_time":0}
]}